{
  "final_accuracy": 0.31666666666666665,
  "final_f1": 0.4057971014492754,
  "final_auc": 0.34263392857142855,
  "final_epsilon": 10.185841827657555,
  "accuracy_history": [
    0.2833333333333333,
    0.3,
    0.2833333333333333,
    0.31666666666666665
  ],
  "f1_history": [
    0.39436619718309857,
    0.4,
    0.37681159420289856,
    0.4057971014492754
  ],
  "auc_history": [
    0.2700892857142857,
    0.29129464285714285,
    0.31473214285714285,
    0.34263392857142855
  ],
  "epsilon_history": [
    4.60088274132466,
    6.8128331088837895,
    8.607091138556575,
    10.185841827657555
  ],
  "sensitivity_scores": [
    0.9474079608917236,
    0.9168148040771484,
    0.8912248015403748,
    0.8722852468490601,
    0.8897948861122131,
    1.1506431102752686,
    0.9479964971542358,
    1.0523072481155396,
    1.0100411176681519,
    1.0641579627990723
  ],
  "noise_multipliers": [
    1.5,
    1.5,
    1.5,
    1.5,
    1.5,
    1.5,
    1.5,
    1.5,
    1.5,
    1.5
  ]
}